{"key":"232","value":{"ADA":0.38044999999999995,"ATOM":11.016300000000001,"AVAX":17.698999999999998,"BAT":0.29005000000000003,"BCH":124.5084,"BTC":27946.1219,"BUSD":1.0004,"DAI":1.0000499999999999,"DOGE":0.08285000000000001,"DOT":6.190200000000001,"DYDX":2.5119,"EGLD":41.01415,"ENJ":0.47855000000000003,"EOS":1.2005,"ETH":1858.2059,"FIL":5.59,"FTM":0.45935,"KAVA":0.8781,"LDO":2.5663,"LRC":0.35365,"LTC":90.32605000000001,"MANA":0.6071,"MATIC":1.1075,"MKR":701.7149999999999,"NEAR":1.97265,"SAND":0.6394500000000001,"SNX":2.6795,"THETA":1.06115,"TRX":0.0659,"TUSD":1.00015,"TWT":1.2386499999999998,"UNI":6.00045,"USDC":0.9999,"VET":0.0241,"XLM":0.106,"XMR":156.76985000000002,"XRP":0.51125,"XTZ":1.09375,"ZEC":37.13555,"ZIL":0.0289}}
